{
  "feature_names": [
    "cumulative_burden_log",
    "season_progress_pct",
    "gdd_cumulative",
    "latest_log_count",
    "day_of_year",
    "doy_sin",
    "recent_7d_max_log",
    "recent_7d_mean_log",
    "recent_7d_days_over100",
    "janfeb_temp",
    "gdd_at_feb_end",
    "prior_burden_log",
    "prior_extreme_days",
    "prior_last_100_doy",
    "prior_fall_precip",
    "prior_spring_precip",
    "year_trend"
  ],
  "weights": [
    -0.6676569021512827,
    -0.1785218349238783,
    1.975939530268351,
    -1.2026377993668436,
    0.0,
    0.0,
    -1.10739696773112,
    -0.058782827381063774,
    1.3479500636266033,
    -1.3606409092370273,
    1.528357946490239,
    2.4051619898256864,
    1.5930317574308348,
    0.27632352330820675,
    0.0,
    -0.5414941660338976,
    4.125612916995782
  ],
  "bias": 34.34693155352102,
  "means": [
    7.930912919390422,
    8.324,
    158.036,
    4.056444,
    74.0,
    0.9562348265919056,
    5.111983487767205,
    4.38510117060799,
    1.96,
    44.6815593220339,
    105.42399999999999,
    10.476698148678596,
    7.84,
    133.12,
    10,
    7.969,
    0.3616
  ],
  "stds": [
    0.6456919141537424,
    5.835875398487073,
    73.64503196640852,
    1.2489012261050378,
    1,
    1,
    1.1184903594201712,
    1.0793611604916051,
    1.836663641860788,
    2.985606944486402,
    59.81323905847824,
    0.5280553158827408,
    4.887739763939975,
    10.867842472174502,
    1,
    2.9506591636446253,
    0.38755300712719715
  ],
  "version": "Direct remaining days",
  "target": "remaining_days_over_100"
}