{
  "feature_names": [
    "prev_log_count",
    "prev2_log_count",
    "d1_d2_diff",
    "pollen_5d_max",
    "pollen_5d_trend",
    "temp_mean",
    "temp_above_50",
    "temp_anomaly",
    "temp_5d_trend",
    "temp_min",
    "warm_night",
    "temp_x_early",
    "temp_x_late",
    "temp_stability",
    "wind_dir_ns",
    "solar_radiation",
    "precip_yesterday",
    "precip_2day_sum",
    "precip_5d_total",
    "dry_days_5d",
    "rain_then_dry",
    "wind_max",
    "gdd_daily",
    "gdd_armed",
    "doy_sin",
    "doy_cos",
    "season_progress",
    "year_trend",
    "yest_was_rainy",
    "yest_was_dry_warm",
    "today_hot_windy",
    "today_hot_calm",
    "today_warm_windy",
    "today_warm_calm",
    "today_cool",
    "today_drizzle",
    "today_rainy",
    "yest_hot_windy",
    "yest_hot_calm",
    "yest_warm_windy",
    "yest_warm_calm",
    "yest_cool",
    "yest_drizzle",
    "yest_rainy"
  ],
  "weights": [
    0.5012829108544895,
    0.4185950917212348,
    0.1757597880066886,
    0.4828576349625833,
    -0.07647789147541584,
    0.07843774980939178,
    -0.011040016133526821,
    0.0982168953741262,
    0.18900449321132415,
    0.11216495629039491,
    0.014892890905115868,
    -0.0827697869493951,
    -0.3391620369063724,
    0.03134049031452164,
    0.024172884958640055,
    0.09950497934448575,
    -0.18818350362044883,
    0.03549944516475442,
    0.004397423632691253,
    -0.06740714200016293,
    0.0319149527303926,
    0.10528252578057751,
    -0.011040016133526807,
    0.24967322639656414,
    0.27207250761065555,
    -0.032150384212821535,
    -0.12213340265277528,
    0.0768842335275479,
    -0.06975732293467156,
    0.04120718733301775,
    -0.0025965265319226496,
    -0.001643096580802729,
    0.03155194530559111,
    0.03193642205772666,
    -0.008645397193694448,
    0.002983400779486723,
    -0.04317084787109896,
    0.03008097183312967,
    -0.007076307813132413,
    0.08757758033635989,
    0.08751032945667507,
    -0.03241077637243954,
    -0.06066575184491115,
    -0.06975732293467156
  ],
  "bias": 3.745846320821863,
  "means": [
    3.7552683869148336,
    3.7596279751833053,
    -0.0043595882684715195,
    4.476462549351382,
    0.008553948110547088,
    58.59331641285956,
    10.941483361534123,
    0.3257157018578337,
    0.9524816694867456,
    49.61883812746757,
    0.3855047941342358,
    1.1750377411167512,
    6.281728972081218,
    -4.40370511564704,
    -0.06616503365617407,
    17.184582628313592,
    0.1352969543147208,
    0.2675524534686971,
    0.6617287084038354,
    3.374506486181613,
    0.3694303440496334,
    11.072899041173153,
    10.941483361534123,
    0.575014100394811,
    0.6779746137254339,
    -0.02292995169847728,
    0.4960201635645798,
    0.34031584884376764,
    0.17033276931754088,
    0.3883248730964467,
    0.07698815566835872,
    0.15397631133671744,
    0.116751269035533,
    0.11054709531866892,
    0.20558375634517767,
    0.15961646926113932,
    0.17653694303440495,
    0.07529610829103214,
    0.15228426395939088,
    0.11731528482797518,
    0.1161872532430908,
    0.2089678510998308,
    0.15961646926113932,
    0.17033276931754088
  ],
  "stds": [
    2.114490574230469,
    2.1266041765869956,
    0.9659315227722874,
    2.1183120563094424,
    1.4151860198817512,
    13.245332590384319,
    9.962285266368154,
    7.074450865220022,
    9.181505344114768,
    13.203826021710132,
    0.48678298220897687,
    2.8148232740848713,
    7.898983321090303,
    2.4387444511148137,
    0.65788487581406,
    7.522869857819158,
    0.28690541794369473,
    0.43363939792322187,
    0.7107735897700928,
    1.2253384307098838,
    0.48271863197649434,
    3.9039297259889674,
    9.962285266368154,
    0.4944105776226441,
    0.29529254126316706,
    0.6728887228123297,
    0.4463269463936677,
    0.3787043632052072,
    0.37597790024938893,
    0.4874378625897778,
    0.2666102491755616,
    0.3609769435026599,
    0.321168957384408,
    0.3136146866591494,
    0.40418454415433597,
    0.3663016392871916,
    0.38133011721646415,
    0.2639057505215339,
    0.35934688344395394,
    0.32184098497291974,
    0.32049452781496307,
    0.40662872186170573,
    0.3663016392871916,
    0.37597790024938893
  ],
  "version": "V8"
}