{
  "feature_names": [
    "prev_log_count",
    "prev2_log_count",
    "d1_d2_diff",
    "pollen_5d_max",
    "pollen_5d_trend",
    "temp_mean",
    "temp_above_50",
    "temp_anomaly",
    "temp_5d_trend",
    "precip_yesterday",
    "precip_2day_sum",
    "precip_5d_total",
    "dry_days_5d",
    "rain_then_dry",
    "wind_max",
    "gdd_daily",
    "gdd_armed",
    "doy_sin",
    "doy_cos",
    "season_progress",
    "year_trend",
    "yest_was_rainy",
    "yest_was_dry_warm",
    "today_hot_windy",
    "today_hot_calm",
    "today_warm_windy",
    "today_warm_calm",
    "today_cool",
    "today_drizzle",
    "today_rainy",
    "yest_hot_windy",
    "yest_hot_calm",
    "yest_warm_windy",
    "yest_warm_calm",
    "yest_cool",
    "yest_drizzle",
    "yest_rainy"
  ],
  "weights": [
    0.5206776478060126,
    0.4373275659459029,
    0.1769746055398417,
    0.5024998967940185,
    -0.07299523898754663,
    0.06224668736181883,
    -0.05551064502292075,
    0.08848964066715839,
    0.19271735322920133,
    -0.1861696561864975,
    0.039177958690267446,
    0.0056610305647624105,
    -0.07105421319030522,
    0.039962434103608335,
    0.10518076507224991,
    -0.055510645022920746,
    0.26450368468041713,
    0.3016351738524587,
    -0.023377316341211003,
    -0.13348137145987624,
    0.06761354219052534,
    -0.06795240374678882,
    0.042900945647491404,
    -0.0009493508041321845,
    -0.0022685234701719853,
    0.04591466381646586,
    0.04502273185211259,
    -0.0022281418762304965,
    -0.006542528006594824,
    -0.06424104201976363,
    0.03161679827246077,
    -0.012299799388930863,
    0.09140269443899904,
    0.08606649595438615,
    -0.03440233659978826,
    -0.05838727419340465,
    -0.06795240374678882
  ],
  "bias": 3.7454333488440956,
  "means": [
    3.7552683869148336,
    3.7596279751833053,
    -0.0043595882684715195,
    4.476462549351382,
    0.008553948110547088,
    58.59331641285956,
    10.941483361534123,
    0.3257157018578337,
    0.9524816694867456,
    0.1352969543147208,
    0.2675524534686971,
    0.6617287084038354,
    3.374506486181613,
    0.3694303440496334,
    11.072899041173153,
    10.941483361534123,
    0.575014100394811,
    0.6779746137254339,
    -0.02292995169847728,
    0.4960201635645798,
    0.34031584884376764,
    0.17033276931754088,
    0.3883248730964467,
    0.07698815566835872,
    0.15397631133671744,
    0.116751269035533,
    0.11054709531866892,
    0.20558375634517767,
    0.15961646926113932,
    0.17653694303440495,
    0.07529610829103214,
    0.15228426395939088,
    0.11731528482797518,
    0.1161872532430908,
    0.2089678510998308,
    0.15961646926113932,
    0.17033276931754088
  ],
  "stds": [
    2.114490574230469,
    2.1266041765869956,
    0.9659315227722874,
    2.1183120563094424,
    1.4151860198817512,
    13.245332590384319,
    9.962285266368154,
    7.074450865220022,
    9.181505344114768,
    0.28690541794369473,
    0.43363939792322187,
    0.7107735897700928,
    1.2253384307098838,
    0.48271863197649434,
    3.9039297259889674,
    9.962285266368154,
    0.4944105776226441,
    0.29529254126316706,
    0.6728887228123297,
    0.4463269463936677,
    0.3787043632052072,
    0.37597790024938893,
    0.4874378625897778,
    0.2666102491755616,
    0.3609769435026599,
    0.321168957384408,
    0.3136146866591494,
    0.40418454415433597,
    0.3663016392871916,
    0.38133011721646415,
    0.2639057505215339,
    0.35934688344395394,
    0.32184098497291974,
    0.32049452781496307,
    0.40662872186170573,
    0.3663016392871916,
    0.37597790024938893
  ],
  "version": "V5"
}