{
  "feature_names": [
    "prev_log_count",
    "prev2_log_count",
    "d1_d2_diff",
    "pollen_5d_max",
    "pollen_5d_trend",
    "temp_mean",
    "temp_above_50",
    "temp_anomaly",
    "temp_5d_trend",
    "vpd_max",
    "vpd_5d_avg",
    "precip_yesterday",
    "precip_2day_sum",
    "precip_5d_total",
    "dry_days_5d",
    "rain_then_dry",
    "wind_max",
    "gdd_daily",
    "gdd_armed",
    "doy_sin",
    "doy_cos",
    "season_progress",
    "year_trend",
    "yest_was_rainy",
    "yest_was_dry_warm",
    "today_hot_windy",
    "today_hot_calm",
    "today_warm_windy",
    "today_warm_calm",
    "today_cool",
    "today_drizzle",
    "today_rainy",
    "yest_hot_windy",
    "yest_hot_calm",
    "yest_warm_windy",
    "yest_warm_calm",
    "yest_cool",
    "yest_drizzle",
    "yest_rainy"
  ],
  "weights": [
    0.520133592882869,
    0.43681795741580365,
    0.17690559093917196,
    0.5039511183437073,
    -0.0727074341418705,
    0.05367803313775326,
    -0.0661859230588484,
    0.08611498603099048,
    0.19593118053828298,
    0.048428796119374416,
    0.015617113914647662,
    -0.18634093015814485,
    0.039603920170647074,
    0.009920319368474892,
    -0.07583823651010402,
    0.03921749406941679,
    0.10533757181513913,
    -0.06618592305884838,
    0.26253229878061224,
    0.3013921579828882,
    -0.015621635518668332,
    -0.13792019131608863,
    0.06553797890111233,
    -0.06693017391790287,
    0.042027601505261504,
    -0.005079612632156825,
    -0.008635786613010307,
    0.044240102511730876,
    0.04085840370691195,
    -0.0038821612789598846,
    -0.0019621938790231287,
    -0.05313737649384256,
    0.02926751691751487,
    -0.0166342502919409,
    0.09273019493586936,
    0.08747587347768965,
    -0.03322655769300524,
    -0.057196514759604265,
    -0.06693017391790287
  ],
  "bias": 3.745349714452327,
  "means": [
    3.7552683869148336,
    3.7596279751833053,
    -0.0043595882684715195,
    4.476462549351382,
    0.008553948110547088,
    58.59331641285956,
    10.941483361534123,
    0.3257157018578337,
    0.9524816694867456,
    1.3193824027072758,
    1.2896636115811242,
    0.1352969543147208,
    0.2675524534686971,
    0.6617287084038354,
    3.374506486181613,
    0.3694303440496334,
    11.072899041173153,
    10.941483361534123,
    0.575014100394811,
    0.6779746137254339,
    -0.02292995169847728,
    0.4960201635645798,
    0.34031584884376764,
    0.17033276931754088,
    0.3883248730964467,
    0.07698815566835872,
    0.15397631133671744,
    0.116751269035533,
    0.11054709531866892,
    0.20558375634517767,
    0.15961646926113932,
    0.17653694303440495,
    0.07529610829103214,
    0.15228426395939088,
    0.11731528482797518,
    0.1161872532430908,
    0.2089678510998308,
    0.15961646926113932,
    0.17033276931754088
  ],
  "stds": [
    2.114490574230469,
    2.1266041765869956,
    0.9659315227722874,
    2.1183120563094424,
    1.4151860198817512,
    13.245332590384319,
    9.962285266368154,
    7.074450865220022,
    9.181505344114768,
    0.8063359723287484,
    0.7091473672405879,
    0.28690541794369473,
    0.43363939792322187,
    0.7107735897700928,
    1.2253384307098838,
    0.48271863197649434,
    3.9039297259889674,
    9.962285266368154,
    0.4944105776226441,
    0.29529254126316706,
    0.6728887228123297,
    0.4463269463936677,
    0.3787043632052072,
    0.37597790024938893,
    0.4874378625897778,
    0.2666102491755616,
    0.3609769435026599,
    0.321168957384408,
    0.3136146866591494,
    0.40418454415433597,
    0.3663016392871916,
    0.38133011721646415,
    0.2639057505215339,
    0.35934688344395394,
    0.32184098497291974,
    0.32049452781496307,
    0.40662872186170573,
    0.3663016392871916,
    0.37597790024938893
  ],
  "version": "V6",
  "description": "V5 + VPD (vapor pressure deficit)"
}