{
  "feature_names": [
    "prev_log_count",
    "prev2_log_count",
    "d1_d2_diff",
    "temp_mean",
    "temp_above_50",
    "precip_yesterday",
    "precip_2day_sum",
    "wind_max",
    "gdd_daily",
    "doy_sin",
    "doy_cos",
    "consec_dry_days",
    "year_trend",
    "season_progress",
    "today_hot_windy",
    "today_hot_calm",
    "today_warm_windy",
    "today_warm_calm",
    "today_cool",
    "today_drizzle",
    "today_rainy",
    "yest_hot_windy",
    "yest_hot_calm",
    "yest_warm_windy",
    "yest_warm_calm",
    "yest_cool",
    "yest_drizzle",
    "yest_rainy",
    "yest_was_rainy"
  ],
  "weights": [
    0.7271422598240936,
    0.6457180075969019,
    0.17014543867249707,
    0.200118375129504,
    -0.011714055929252285,
    -0.20290817117080778,
    0.10646370651940186,
    0.1236136891573318,
    -0.011714055929252266,
    0.4511684831763834,
    0.03713098624369988,
    -0.03367232941083506,
    0.11871005667931527,
    -0.05708916647263383,
    -0.003605335286887401,
    0.011317362178179984,
    0.06172863944938146,
    0.06353206953708976,
    -0.019126453881063824,
    -0.016340456521737858,
    -0.07646353107593402,
    0.053129232614397545,
    0.018570210052707165,
    0.10578786745474081,
    0.09021813449482889,
    -0.09807756376648136,
    -0.05214249341841208,
    -0.06562755885501226,
    -0.06562755885501226
  ],
  "bias": 3.7450807713360024,
  "means": [
    3.7552683869148336,
    3.7596279751833053,
    -0.0043595882684715195,
    58.59331641285956,
    10.941483361534123,
    0.1352969543147208,
    0.2675524534686971,
    11.072899041173153,
    10.941483361534123,
    0.6779746137254339,
    -0.02292995169847728,
    2.7227862380146646,
    0.34031584884376764,
    0.4960201635645798,
    0.07698815566835872,
    0.15397631133671744,
    0.116751269035533,
    0.11054709531866892,
    0.20558375634517767,
    0.15961646926113932,
    0.17653694303440495,
    0.07529610829103214,
    0.15228426395939088,
    0.11731528482797518,
    0.1161872532430908,
    0.2089678510998308,
    0.15961646926113932,
    0.17033276931754088,
    0.17033276931754088
  ],
  "stds": [
    2.114490574230469,
    2.1266041765869956,
    0.9659315227722874,
    13.245332590384319,
    9.962285266368154,
    0.28690541794369473,
    0.43363939792322187,
    3.9039297259889674,
    9.962285266368154,
    0.29529254126316706,
    0.6728887228123297,
    2.5157612543420402,
    0.3787043632052072,
    0.4463269463936677,
    0.2666102491755616,
    0.3609769435026599,
    0.321168957384408,
    0.3136146866591494,
    0.40418454415433597,
    0.3663016392871916,
    0.38133011721646415,
    0.2639057505215339,
    0.35934688344395394,
    0.32184098497291974,
    0.32049452781496307,
    0.40662872186170573,
    0.3663016392871916,
    0.37597790024938893,
    0.37597790024938893
  ],
  "version": "V3",
  "description": "Weather regimes, D-2 lookback, momentum, transitions, season progress"
}