{
  "feature_names": [
    "prev_log_count",
    "prev2_log_count",
    "d1_d2_diff",
    "prev_3day_max",
    "temp_mean",
    "temp_above_50",
    "temp_3day_avg",
    "temp_anomaly",
    "temp_wind_interaction",
    "precip_yesterday",
    "precip_2day_sum",
    "consec_dry_days",
    "humid_wind_index",
    "wind_max",
    "gdd_daily",
    "doy_sin",
    "doy_cos",
    "season_progress",
    "year_trend",
    "yest_was_rainy",
    "yest_was_dry_warm",
    "today_hot_windy",
    "today_hot_calm",
    "today_warm_windy",
    "today_warm_calm",
    "today_cool",
    "today_drizzle",
    "today_rainy",
    "yest_hot_windy",
    "yest_hot_calm",
    "yest_warm_windy",
    "yest_warm_calm",
    "yest_cool",
    "yest_drizzle",
    "yest_rainy"
  ],
  "weights": [
    0.5035557475213294,
    0.4259662671665233,
    0.1645067327711473,
    0.46834452541093397,
    0.06942697245405491,
    -0.04933763764801963,
    0.21700793637488372,
    0.10809329684181836,
    -0.08880686192372127,
    -0.2005186348418492,
    0.07922453579486342,
    -0.039014174438403486,
    0.0,
    0.1317531046109083,
    -0.04933763764801959,
    0.39954259199959125,
    -0.03191862189389644,
    -0.03411793999116399,
    0.10596537887985291,
    -0.0569607182324443,
    0.06740382436429247,
    0.006457758913930571,
    -0.002364253420742885,
    0.055884112315429495,
    0.05744037997154566,
    0.005103059538736747,
    -0.020146549503502056,
    -0.08264103687143648,
    0.028703556306938872,
    -0.022806900648078447,
    0.0874204664774212,
    0.07898339997129541,
    -0.04599540345517182,
    -0.03469724592642811,
    -0.0569607182324443
  ],
  "bias": 3.745831070721852,
  "means": [
    3.7552683869148336,
    3.7596279751833053,
    -0.0043595882684715195,
    4.199310744500846,
    58.59331641285956,
    10.941483361534123,
    58.33755405151344,
    0.2715321323114693,
    1.0914940778341793,
    0.1352969543147208,
    0.2675524534686971,
    2.7227862380146646,
    0,
    11.072899041173153,
    10.941483361534123,
    0.6779746137254339,
    -0.02292995169847728,
    0.4960201635645798,
    0.34031584884376764,
    0.17033276931754088,
    0.3883248730964467,
    0.07698815566835872,
    0.15397631133671744,
    0.116751269035533,
    0.11054709531866892,
    0.20558375634517767,
    0.15961646926113932,
    0.17653694303440495,
    0.07529610829103214,
    0.15228426395939088,
    0.11731528482797518,
    0.1161872532430908,
    0.2089678510998308,
    0.15961646926113932,
    0.17033276931754088
  ],
  "stds": [
    2.114490574230469,
    2.1266041765869956,
    0.9659315227722874,
    2.1332008476599573,
    13.245332590384319,
    9.962285266368154,
    12.784594437358235,
    7.080119061593765,
    1.0222265441056038,
    0.28690541794369473,
    0.43363939792322187,
    2.5157612543420402,
    1,
    3.9039297259889674,
    9.962285266368154,
    0.29529254126316706,
    0.6728887228123297,
    0.4463269463936677,
    0.3787043632052072,
    0.37597790024938893,
    0.4874378625897778,
    0.2666102491755616,
    0.3609769435026599,
    0.321168957384408,
    0.3136146866591494,
    0.40418454415433597,
    0.3663016392871916,
    0.38133011721646415,
    0.2639057505215339,
    0.35934688344395394,
    0.32184098497291974,
    0.32049452781496307,
    0.40662872186170573,
    0.3663016392871916,
    0.37597790024938893
  ],
  "version": "V4",
  "description": "V4: temp anomaly, temp-wind interaction, 3-day max, humidity-wind index, 3-day temp avg"
}